{
"lengthUnit": "mil",
"remark": [],
"components": {
	"fields": ["COMPONENT_NO", "COMPONENT_NAME", "LAYER", "X_COORDINATE", "Y_COORDINATE", "ANGLE"],
	"rows": [
		[1, "CN4", "T", -839.129, 1435, 270],
		[2, "CN7", "B", -1045.488, 1246, 270],
		[3, "I2C", "T", -840.671, 900, 90],
		[4, "LED", "T", -1245, 900, 270],
		[5, "MOTOR", "B", -1050, 2202, 90],
		[6, "MOTOR2", "T", -1245, 2205, 270],
		[7, "POST", "T", -840.471, 2300, 270],
		[8, "PRE_2", "T", -839.129, 1740, 270],
		[9, "PAD1", "T", -839.129, 1789.21, 0],
		[10, "PAD1", "T", -839.129, 1789.21, 0],
		[11, "PAD2", "T", -839.129, 1690.79, 0],
		[12, "PAD2", "T", -839.129, 1690.79, 0],
		[13, "PAD3", "T", -1245, 752.36, 0],
		[14, "PAD3", "T", -1245, 752.36, 0],
		[15, "PAD4", "T", -1245, 850.79, 0],
		[16, "PAD4", "T", -1245, 850.79, 0],
		[17, "PAD5", "T", -1245, 949.21, 0],
		[18, "PAD5", "T", -1245, 949.21, 0],
		[19, "PAD6", "T", -1245, 1047.64, 0],
		[20, "PAD6", "T", -1245, 1047.64, 0],
		[21, "PAD7", "T", -1045.488, 901.51, 0],
		[22, "PAD7", "T", -1045.488, 901.51, 0],
		[23, "PAD8", "T", -1045.488, 999.94, 0],
		[24, "PAD8", "T", -1045.488, 999.94, 0],
		[25, "PAD9", "T", -1045.488, 1098.36, 0],
		[26, "PAD9", "T", -1045.488, 1098.36, 0],
		[27, "PAD10", "T", -1045.488, 1196.79, 0],
		[28, "PAD10", "T", -1045.488, 1196.79, 0],
		[29, "PAD11", "T", -1045.488, 1295.21, 0],
		[30, "PAD11", "T", -1045.488, 1295.21, 0],
		[31, "PAD12", "T", -1045.488, 1393.64, 0],
		[32, "PAD12", "T", -1045.488, 1393.64, 0],
		[33, "PAD13", "T", -1045.488, 1492.06, 0],
		[34, "PAD13", "T", -1045.488, 1492.06, 0],
		[35, "PAD14", "T", -1045.488, 1590.49, 0],
		[36, "PAD14", "T", -1045.488, 1590.49, 0],
		[37, "PAD15", "T", -839.129, 1484.21, 0],
		[38, "PAD15", "T", -839.129, 1484.21, 0],
		[39, "PAD16", "T", -839.129, 1385.79, 0],
		[40, "PAD16", "T", -839.129, 1385.79, 0],
		[41, "PAD17", "T", -840.671, 1047.64, 0],
		[42, "PAD17", "T", -840.671, 1047.64, 0],
		[43, "PAD18", "T", -840.671, 949.21, 0],
		[44, "PAD18", "T", -840.671, 949.21, 0],
		[45, "PAD19", "T", -840.671, 850.79, 0],
		[46, "PAD19", "T", -840.671, 850.79, 0],
		[47, "PAD20", "T", -840.671, 752.36, 0],
		[48, "PAD20", "T", -840.671, 752.36, 0],
		[49, "PAD21", "T", -1245, 2352.64, 0],
		[50, "PAD21", "T", -1245, 2352.64, 0],
		[51, "PAD22", "T", -1245, 2254.21, 0],
		[52, "PAD22", "T", -1245, 2254.21, 0],
		[53, "PAD23", "T", -1245, 2155.79, 0],
		[54, "PAD23", "T", -1245, 2155.79, 0],
		[55, "PAD24", "T", -1245, 2057.36, 0],
		[56, "PAD24", "T", -1245, 2057.36, 0],
		[57, "PAD25", "T", -840.471, 2250.79, 0],
		[58, "PAD25", "T", -840.471, 2250.79, 0],
		[59, "PAD26", "T", -840.471, 2349.21, 0],
		[60, "PAD26", "T", -840.471, 2349.21, 0],
		[61, "PAD27", "T", -1050, 2152.79, 0],
		[62, "PAD27", "T", -1050, 2152.79, 0],
		[63, "PAD28", "T", -1050, 2251.21, 0],
		[64, "PAD28", "T", -1050, 2251.21, 0],
		[65, "PAD29", "T", -1050, 2349.64, 0],
		[66, "PAD29", "T", -1050, 2349.64, 0],
		[67, "PAD30", "T", -1050, 2054.36, 0],
		[68, "PAD30", "T", -1050, 2054.36, 0]
	]
},
"pins": {
	"fields": ["PIN_NO", "PIN_NAME", "PIN_X", "PIN_Y", "LAYER", "PIN_TYPE", "NET_NAME", "NET_TYPE", "PAD_SHAPE", "PAD_SIZEX", "PAD_SIZEY", "HOLE_SIZE", "HOLE_LEN", "PAD_ANGLE"],
	"rows": [
		[1, "CN4_1", -839.129, 1484.21, "T", "DIP", "PC15", "", "C", 70.9, 70.9, 37.4016, 37.4016, 270],
		[2, "CN4_1", -839.129, 1484.21, "T", "DIP", "PC15", "", "C", 70.9, 70.9, 37.4016, 37.4016, 270],
		[3, "CN4_2", -839.129, 1385.79, "T", "DIP", "GND", "GND", "C", 70.9, 70.9, 37.4016, 37.4016, 270],
		[4, "CN4_2", -839.129, 1385.79, "T", "DIP", "GND", "GND", "C", 70.9, 70.9, 37.4016, 37.4016, 270],
		[5, "CN7_1", -1045.488, 901.51, "T", "DIP", "LED_OUT", "", "C", 70.9, 70.9, 37.4016, 37.4016, 270],
		[6, "CN7_1", -1045.488, 901.51, "T", "DIP", "LED_OUT", "", "C", 70.9, 70.9, 37.4016, 37.4016, 270],
		[7, "CN7_2", -1045.488, 999.94, "T", "DIP", "LED_IN", "", "C", 70.9, 70.9, 37.4016, 37.4016, 270],
		[8, "CN7_2", -1045.488, 999.94, "T", "DIP", "LED_IN", "", "C", 70.9, 70.9, 37.4016, 37.4016, 270],
		[9, "CN7_3", -1045.488, 1098.36, "T", "DIP", "PC15", "", "C", 70.9, 70.9, 37.4016, 37.4016, 270],
		[10, "CN7_3", -1045.488, 1098.36, "T", "DIP", "PC15", "", "C", 70.9, 70.9, 37.4016, 37.4016, 270],
		[11, "CN7_4", -1045.488, 1196.79, "T", "DIP", "PC14", "", "C", 70.9, 70.9, 37.4016, 37.4016, 270],
		[12, "CN7_4", -1045.488, 1196.79, "T", "DIP", "PC14", "", "C", 70.9, 70.9, 37.4016, 37.4016, 270],
		[13, "CN7_5", -1045.488, 1295.21, "T", "DIP", "SDA", "", "C", 70.9, 70.9, 37.4016, 37.4016, 270],
		[14, "CN7_5", -1045.488, 1295.21, "T", "DIP", "SDA", "", "C", 70.9, 70.9, 37.4016, 37.4016, 270],
		[15, "CN7_6", -1045.488, 1393.64, "T", "DIP", "SCL", "", "C", 70.9, 70.9, 37.4016, 37.4016, 270],
		[16, "CN7_6", -1045.488, 1393.64, "T", "DIP", "SCL", "", "C", 70.9, 70.9, 37.4016, 37.4016, 270],
		[17, "CN7_7", -1045.488, 1492.06, "T", "DIP", "GND", "GND", "C", 70.9, 70.9, 37.4016, 37.4016, 270],
		[18, "CN7_7", -1045.488, 1492.06, "T", "DIP", "GND", "GND", "C", 70.9, 70.9, 37.4016, 37.4016, 270],
		[19, "CN7_8", -1045.488, 1590.49, "T", "DIP", "+5V", "", "C", 70.9, 70.9, 37.4016, 37.4016, 270],
		[20, "CN7_8", -1045.488, 1590.49, "T", "DIP", "+5V", "", "C", 70.9, 70.9, 37.4016, 37.4016, 270],
		[21, "I2C_1", -840.671, 752.36, "T", "DIP", "SDA", "", "C", 70.9, 70.9, 37.4016, 37.4016, 90],
		[22, "I2C_1", -840.671, 752.36, "T", "DIP", "SDA", "", "C", 70.9, 70.9, 37.4016, 37.4016, 90],
		[23, "I2C_2", -840.671, 850.79, "T", "DIP", "SCL", "", "C", 70.9, 70.9, 37.4016, 37.4016, 90],
		[24, "I2C_2", -840.671, 850.79, "T", "DIP", "SCL", "", "C", 70.9, 70.9, 37.4016, 37.4016, 90],
		[25, "I2C_3", -840.671, 949.21, "T", "DIP", "GND", "GND", "C", 70.9, 70.9, 37.4016, 37.4016, 90],
		[26, "I2C_3", -840.671, 949.21, "T", "DIP", "GND", "GND", "C", 70.9, 70.9, 37.4016, 37.4016, 90],
		[27, "I2C_4", -840.671, 1047.64, "T", "DIP", "+5V", "", "C", 70.9, 70.9, 37.4016, 37.4016, 90],
		[28, "I2C_4", -840.671, 1047.64, "T", "DIP", "+5V", "", "C", 70.9, 70.9, 37.4016, 37.4016, 90],
		[29, "LED_1", -1245, 1047.64, "T", "DIP", "+5V", "", "C", 70.9, 70.9, 37.4016, 37.4016, 270],
		[30, "LED_1", -1245, 1047.64, "T", "DIP", "+5V", "", "C", 70.9, 70.9, 37.4016, 37.4016, 270],
		[31, "LED_2", -1245, 949.21, "T", "DIP", "GND", "GND", "C", 70.9, 70.9, 37.4016, 37.4016, 270],
		[32, "LED_2", -1245, 949.21, "T", "DIP", "GND", "GND", "C", 70.9, 70.9, 37.4016, 37.4016, 270],
		[33, "LED_3", -1245, 850.79, "T", "DIP", "LED_IN", "", "C", 70.9, 70.9, 37.4016, 37.4016, 270],
		[34, "LED_3", -1245, 850.79, "T", "DIP", "LED_IN", "", "C", 70.9, 70.9, 37.4016, 37.4016, 270],
		[35, "LED_4", -1245, 752.36, "T", "DIP", "LED_OUT", "", "C", 70.9, 70.9, 37.4016, 37.4016, 270],
		[36, "LED_4", -1245, 752.36, "T", "DIP", "LED_OUT", "", "C", 70.9, 70.9, 37.4016, 37.4016, 270],
		[37, "MOTOR_1", -1050, 2054.36, "T", "DIP", "B-", "", "C", 70.9, 70.9, 37.4016, 37.4016, 90],
		[38, "MOTOR_1", -1050, 2054.36, "T", "DIP", "B-", "", "C", 70.9, 70.9, 37.4016, 37.4016, 90],
		[39, "MOTOR_2", -1050, 2152.79, "T", "DIP", "B+", "", "C", 70.9, 70.9, 37.4016, 37.4016, 90],
		[40, "MOTOR_2", -1050, 2152.79, "T", "DIP", "B+", "", "C", 70.9, 70.9, 37.4016, 37.4016, 90],
		[41, "MOTOR_3", -1050, 2251.21, "T", "DIP", "A+", "", "C", 70.9, 70.9, 37.4016, 37.4016, 90],
		[42, "MOTOR_3", -1050, 2251.21, "T", "DIP", "A+", "", "C", 70.9, 70.9, 37.4016, 37.4016, 90],
		[43, "MOTOR_4", -1050, 2349.64, "T", "DIP", "A-", "", "C", 70.9, 70.9, 37.4016, 37.4016, 90],
		[44, "MOTOR_4", -1050, 2349.64, "T", "DIP", "A-", "", "C", 70.9, 70.9, 37.4016, 37.4016, 90],
		[45, "MOTOR2_1", -1245, 2352.64, "T", "DIP", "A-", "", "C", 70.9, 70.9, 37.4016, 37.4016, 270],
		[46, "MOTOR2_1", -1245, 2352.64, "T", "DIP", "A-", "", "C", 70.9, 70.9, 37.4016, 37.4016, 270],
		[47, "MOTOR2_2", -1245, 2254.21, "T", "DIP", "A+", "", "C", 70.9, 70.9, 37.4016, 37.4016, 270],
		[48, "MOTOR2_2", -1245, 2254.21, "T", "DIP", "A+", "", "C", 70.9, 70.9, 37.4016, 37.4016, 270],
		[49, "MOTOR2_3", -1245, 2155.79, "T", "DIP", "B+", "", "C", 70.9, 70.9, 37.4016, 37.4016, 270],
		[50, "MOTOR2_3", -1245, 2155.79, "T", "DIP", "B+", "", "C", 70.9, 70.9, 37.4016, 37.4016, 270],
		[51, "MOTOR2_4", -1245, 2057.36, "T", "DIP", "B-", "", "C", 70.9, 70.9, 37.4016, 37.4016, 270],
		[52, "MOTOR2_4", -1245, 2057.36, "T", "DIP", "B-", "", "C", 70.9, 70.9, 37.4016, 37.4016, 270],
		[53, "POST_1", -840.471, 2349.21, "T", "DIP", "PC14", "", "C", 70.9, 70.9, 37.4016, 37.4016, 270],
		[54, "POST_1", -840.471, 2349.21, "T", "DIP", "PC14", "", "C", 70.9, 70.9, 37.4016, 37.4016, 270],
		[55, "POST_2", -840.471, 2250.79, "T", "DIP", "GND", "GND", "C", 70.9, 70.9, 37.4016, 37.4016, 270],
		[56, "POST_2", -840.471, 2250.79, "T", "DIP", "GND", "GND", "C", 70.9, 70.9, 37.4016, 37.4016, 270],
		[57, "PRE_2_1", -839.129, 1789.21, "T", "DIP", "PC15", "", "C", 70.9, 70.9, 37.4016, 37.4016, 270],
		[58, "PRE_2_1", -839.129, 1789.21, "T", "DIP", "PC15", "", "C", 70.9, 70.9, 37.4016, 37.4016, 270],
		[59, "PRE_2_2", -839.129, 1690.79, "T", "DIP", "GND", "GND", "C", 70.9, 70.9, 37.4016, 37.4016, 270],
		[60, "PRE_2_2", -839.129, 1690.79, "T", "DIP", "GND", "GND", "C", 70.9, 70.9, 37.4016, 37.4016, 270],
		[61, "PAD1_1", -839.129, 1789.21, "T", "DIP", "PC15", "", "C", 70.9, 70.9, 37.4016, 37.4016, 270],
		[62, "PAD1_1", -839.129, 1789.21, "T", "DIP", "PC15", "", "C", 70.9, 70.9, 37.4016, 37.4016, 270],
		[63, "PAD2_2", -839.129, 1690.79, "T", "DIP", "GND", "GND", "C", 70.9, 70.9, 37.4016, 37.4016, 270],
		[64, "PAD2_2", -839.129, 1690.79, "T", "DIP", "GND", "GND", "C", 70.9, 70.9, 37.4016, 37.4016, 270],
		[65, "PAD3_4", -1245, 752.36, "T", "DIP", "LED_OUT", "", "C", 70.9, 70.9, 37.4016, 37.4016, 270],
		[66, "PAD3_4", -1245, 752.36, "T", "DIP", "LED_OUT", "", "C", 70.9, 70.9, 37.4016, 37.4016, 270],
		[67, "PAD4_3", -1245, 850.79, "T", "DIP", "LED_IN", "", "C", 70.9, 70.9, 37.4016, 37.4016, 270],
		[68, "PAD4_3", -1245, 850.79, "T", "DIP", "LED_IN", "", "C", 70.9, 70.9, 37.4016, 37.4016, 270],
		[69, "PAD5_2", -1245, 949.21, "T", "DIP", "GND", "GND", "C", 70.9, 70.9, 37.4016, 37.4016, 270],
		[70, "PAD5_2", -1245, 949.21, "T", "DIP", "GND", "GND", "C", 70.9, 70.9, 37.4016, 37.4016, 270],
		[71, "PAD6_1", -1245, 1047.64, "T", "DIP", "+5V", "", "C", 70.9, 70.9, 37.4016, 37.4016, 270],
		[72, "PAD6_1", -1245, 1047.64, "T", "DIP", "+5V", "", "C", 70.9, 70.9, 37.4016, 37.4016, 270],
		[73, "PAD7_1", -1045.488, 901.51, "T", "DIP", "LED_OUT", "", "C", 70.9, 70.9, 37.4016, 37.4016, 270],
		[74, "PAD7_1", -1045.488, 901.51, "T", "DIP", "LED_OUT", "", "C", 70.9, 70.9, 37.4016, 37.4016, 270],
		[75, "PAD8_2", -1045.488, 999.94, "T", "DIP", "LED_IN", "", "C", 70.9, 70.9, 37.4016, 37.4016, 270],
		[76, "PAD8_2", -1045.488, 999.94, "T", "DIP", "LED_IN", "", "C", 70.9, 70.9, 37.4016, 37.4016, 270],
		[77, "PAD9_3", -1045.488, 1098.36, "T", "DIP", "PC15", "", "C", 70.9, 70.9, 37.4016, 37.4016, 270],
		[78, "PAD9_3", -1045.488, 1098.36, "T", "DIP", "PC15", "", "C", 70.9, 70.9, 37.4016, 37.4016, 270],
		[79, "PAD10_4", -1045.488, 1196.79, "T", "DIP", "PC14", "", "C", 70.9, 70.9, 37.4016, 37.4016, 270],
		[80, "PAD10_4", -1045.488, 1196.79, "T", "DIP", "PC14", "", "C", 70.9, 70.9, 37.4016, 37.4016, 270],
		[81, "PAD11_5", -1045.488, 1295.21, "T", "DIP", "SDA", "", "C", 70.9, 70.9, 37.4016, 37.4016, 270],
		[82, "PAD11_5", -1045.488, 1295.21, "T", "DIP", "SDA", "", "C", 70.9, 70.9, 37.4016, 37.4016, 270],
		[83, "PAD12_6", -1045.488, 1393.64, "T", "DIP", "SCL", "", "C", 70.9, 70.9, 37.4016, 37.4016, 270],
		[84, "PAD12_6", -1045.488, 1393.64, "T", "DIP", "SCL", "", "C", 70.9, 70.9, 37.4016, 37.4016, 270],
		[85, "PAD13_7", -1045.488, 1492.06, "T", "DIP", "GND", "GND", "C", 70.9, 70.9, 37.4016, 37.4016, 270],
		[86, "PAD13_7", -1045.488, 1492.06, "T", "DIP", "GND", "GND", "C", 70.9, 70.9, 37.4016, 37.4016, 270],
		[87, "PAD14_8", -1045.488, 1590.49, "T", "DIP", "+5V", "", "C", 70.9, 70.9, 37.4016, 37.4016, 270],
		[88, "PAD14_8", -1045.488, 1590.49, "T", "DIP", "+5V", "", "C", 70.9, 70.9, 37.4016, 37.4016, 270],
		[89, "PAD15_1", -839.129, 1484.21, "T", "DIP", "PC15", "", "C", 70.9, 70.9, 37.4016, 37.4016, 270],
		[90, "PAD15_1", -839.129, 1484.21, "T", "DIP", "PC15", "", "C", 70.9, 70.9, 37.4016, 37.4016, 270],
		[91, "PAD16_2", -839.129, 1385.79, "T", "DIP", "GND", "GND", "C", 70.9, 70.9, 37.4016, 37.4016, 270],
		[92, "PAD16_2", -839.129, 1385.79, "T", "DIP", "GND", "GND", "C", 70.9, 70.9, 37.4016, 37.4016, 270],
		[93, "PAD17_4", -840.671, 1047.64, "T", "DIP", "+5V", "", "C", 70.9, 70.9, 37.4016, 37.4016, 90],
		[94, "PAD17_4", -840.671, 1047.64, "T", "DIP", "+5V", "", "C", 70.9, 70.9, 37.4016, 37.4016, 90],
		[95, "PAD18_3", -840.671, 949.21, "T", "DIP", "GND", "GND", "C", 70.9, 70.9, 37.4016, 37.4016, 90],
		[96, "PAD18_3", -840.671, 949.21, "T", "DIP", "GND", "GND", "C", 70.9, 70.9, 37.4016, 37.4016, 90],
		[97, "PAD19_2", -840.671, 850.79, "T", "DIP", "SCL", "", "C", 70.9, 70.9, 37.4016, 37.4016, 90],
		[98, "PAD19_2", -840.671, 850.79, "T", "DIP", "SCL", "", "C", 70.9, 70.9, 37.4016, 37.4016, 90],
		[99, "PAD20_1", -840.671, 752.36, "T", "DIP", "SDA", "", "C", 70.9, 70.9, 37.4016, 37.4016, 90],
		[100, "PAD20_1", -840.671, 752.36, "T", "DIP", "SDA", "", "C", 70.9, 70.9, 37.4016, 37.4016, 90],
		[101, "PAD21_1", -1245, 2352.64, "T", "DIP", "A-", "", "C", 70.9, 70.9, 37.4016, 37.4016, 270],
		[102, "PAD21_1", -1245, 2352.64, "T", "DIP", "A-", "", "C", 70.9, 70.9, 37.4016, 37.4016, 270],
		[103, "PAD22_2", -1245, 2254.21, "T", "DIP", "A+", "", "C", 70.9, 70.9, 37.4016, 37.4016, 270],
		[104, "PAD22_2", -1245, 2254.21, "T", "DIP", "A+", "", "C", 70.9, 70.9, 37.4016, 37.4016, 270],
		[105, "PAD23_3", -1245, 2155.79, "T", "DIP", "B+", "", "C", 70.9, 70.9, 37.4016, 37.4016, 270],
		[106, "PAD23_3", -1245, 2155.79, "T", "DIP", "B+", "", "C", 70.9, 70.9, 37.4016, 37.4016, 270],
		[107, "PAD24_4", -1245, 2057.36, "T", "DIP", "B-", "", "C", 70.9, 70.9, 37.4016, 37.4016, 270],
		[108, "PAD24_4", -1245, 2057.36, "T", "DIP", "B-", "", "C", 70.9, 70.9, 37.4016, 37.4016, 270],
		[109, "PAD25_2", -840.471, 2250.79, "T", "DIP", "GND", "GND", "C", 70.9, 70.9, 37.4016, 37.4016, 270],
		[110, "PAD25_2", -840.471, 2250.79, "T", "DIP", "GND", "GND", "C", 70.9, 70.9, 37.4016, 37.4016, 270],
		[111, "PAD26_1", -840.471, 2349.21, "T", "DIP", "PC14", "", "C", 70.9, 70.9, 37.4016, 37.4016, 270],
		[112, "PAD26_1", -840.471, 2349.21, "T", "DIP", "PC14", "", "C", 70.9, 70.9, 37.4016, 37.4016, 270],
		[113, "PAD27_2", -1050, 2152.79, "T", "DIP", "B+", "", "C", 70.9, 70.9, 37.4016, 37.4016, 90],
		[114, "PAD27_2", -1050, 2152.79, "T", "DIP", "B+", "", "C", 70.9, 70.9, 37.4016, 37.4016, 90],
		[115, "PAD28_3", -1050, 2251.21, "T", "DIP", "A+", "", "C", 70.9, 70.9, 37.4016, 37.4016, 90],
		[116, "PAD28_3", -1050, 2251.21, "T", "DIP", "A+", "", "C", 70.9, 70.9, 37.4016, 37.4016, 90],
		[117, "PAD29_4", -1050, 2349.64, "T", "DIP", "A-", "", "C", 70.9, 70.9, 37.4016, 37.4016, 90],
		[118, "PAD29_4", -1050, 2349.64, "T", "DIP", "A-", "", "C", 70.9, 70.9, 37.4016, 37.4016, 90],
		[119, "PAD30_1", -1050, 2054.36, "T", "DIP", "B-", "", "C", 70.9, 70.9, 37.4016, 37.4016, 90],
		[120, "PAD30_1", -1050, 2054.36, "T", "DIP", "B-", "", "C", 70.9, 70.9, 37.4016, 37.4016, 90]
	]
}
}